match_id,season,team1,team2,winner,player_of_match,venue,team1_runs,team2_runs
1,2023,MI,SRH,MI,Dhoni,Mumbai,175,138
2,2020,RCB,RR,RR,Gill,Mumbai,158,221
3,2020,RR,MI,RR,Gill,Chennai,168,101
4,2021,SRH,PBKS,PBKS,Kohli,Hyderabad,206,219
5,2024,KKR,RR,KKR,SKY,Delhi,236,186
6,2025,RCB,CSK,RCB,Kohli,Hyderabad,233,132
7,2019,MI,RR,RR,Russell,Mumbai,221,222
8,2024,MI,DC,DC,Dhoni,Delhi,153,209
9,2022,KKR,CSK,KKR,Rohit,Chennai,209,143
10,2021,DC,MI,DC,SKY,Delhi,185,108
11,2022,RCB,PBKS,RCB,Kohli,Mumbai,211,173
12,2019,RCB,MI,RCB,SKY,Hyderabad,200,113
13,2025,SRH,MI,MI,Dhoni,Delhi,159,194
14,2020,RCB,SRH,RCB,Dhoni,Hyderabad,201,104
15,2018,CSK,KKR,CSK,Dhoni,Mumbai,187,180
16,2019,PBKS,DC,PBKS,Bumrah,Kolkata,169,155
17,2018,PBKS,KKR,PBKS,Dhoni,Kolkata,234,216
18,2018,DC,MI,DC,Kohli,Hyderabad,193,193
19,2025,MI,KKR,MI,Rohit,Chennai,212,209
20,2025,PBKS,SRH,PBKS,Dhoni,Hyderabad,148,113
21,2018,MI,DC,DC,Rohit,Chennai,163,170
22,2018,SRH,DC,DC,SKY,Mumbai,134,164
23,2024,SRH,RCB,RCB,Buttler,Kolkata,159,207
24,2022,RR,PBKS,PBKS,Rohit,Delhi,142,204
25,2021,MI,RR,MI,Bumrah,Hyderabad,237,202
26,2020,DC,MI,DC,Buttler,Mumbai,148,114
27,2021,SRH,DC,SRH,Rohit,Kolkata,214,209
28,2022,DC,KKR,KKR,Buttler,Chennai,222,234
29,2020,KKR,RCB,KKR,Rohit,Chennai,208,164
30,2020,MI,SRH,MI,Bumrah,Kolkata,164,134
31,2020,RCB,MI,RCB,Dhoni,Mumbai,122,121
32,2019,KKR,RCB,RCB,Dhoni,Kolkata,143,201
33,2025,RCB,SRH,RCB,Russell,Kolkata,194,155
34,2025,RCB,KKR,RCB,Rohit,Chennai,168,104
35,2022,DC,MI,MI,Dhoni,Delhi,215,223
36,2021,RR,SRH,SRH,Russell,Mumbai,147,211
37,2021,MI,RR,RR,Kohli,Delhi,191,194
38,2023,SRH,RR,SRH,Dhoni,Kolkata,144,116
39,2022,SRH,PBKS,SRH,Kohli,Chennai,171,110
40,2019,DC,PBKS,DC,Buttler,Chennai,193,107
41,2025,KKR,DC,KKR,Gill,Chennai,234,193
42,2018,MI,RR,RR,Dhoni,Delhi,131,214
43,2018,SRH,KKR,KKR,SKY,Kolkata,154,169
44,2020,DC,RCB,DC,Bumrah,Chennai,238,174
45,2018,RR,CSK,RR,Buttler,Delhi,223,159
46,2024,RR,DC,RR,Russell,Mumbai,210,196
47,2023,DC,RR,DC,Dhoni,Mumbai,216,189
48,2023,RCB,SRH,SRH,Gill,Kolkata,134,206
49,2020,DC,KKR,DC,Kohli,Chennai,229,102
50,2019,MI,PBKS,PBKS,SKY,Delhi,209,216
51,2022,SRH,RCB,RCB,SKY,Chennai,123,180
52,2018,SRH,KKR,SRH,Buttler,Delhi,212,174
53,2022,CSK,RR,CSK,Buttler,Kolkata,149,109
54,2019,DC,MI,DC,SKY,Mumbai,221,119
55,2020,RCB,SRH,SRH,Kohli,Chennai,150,211
56,2020,MI,SRH,MI,Russell,Hyderabad,230,219
57,2023,SRH,CSK,CSK,SKY,Chennai,153,229
58,2019,RCB,MI,RCB,SKY,Chennai,130,106
59,2022,RR,SRH,RR,Gill,Mumbai,201,113
60,2022,RR,CSK,RR,Rohit,Kolkata,182,158
61,2025,KKR,CSK,CSK,Gill,Chennai,130,218
62,2020,CSK,MI,MI,Bumrah,Delhi,187,194
63,2024,KKR,CSK,KKR,Bumrah,Hyderabad,231,174
64,2023,RR,RCB,RR,Kohli,Delhi,195,170
65,2025,SRH,CSK,SRH,Gill,Chennai,207,149
66,2020,DC,PBKS,DC,Rohit,Hyderabad,159,123
67,2022,RCB,CSK,CSK,Rohit,Delhi,185,203
68,2018,SRH,CSK,SRH,Gill,Mumbai,205,188
69,2022,RR,RCB,RCB,SKY,Mumbai,123,149
70,2018,MI,KKR,MI,Buttler,Delhi,183,149
71,2020,RCB,CSK,RCB,Buttler,Hyderabad,216,192
72,2024,PBKS,KKR,PBKS,Gill,Mumbai,206,114
73,2021,RCB,MI,RCB,Gill,Kolkata,155,134
74,2018,DC,RCB,RCB,Rohit,Mumbai,132,185
75,2018,RCB,PBKS,RCB,Buttler,Chennai,238,162
76,2018,KKR,DC,KKR,Buttler,Mumbai,223,164
77,2023,SRH,MI,SRH,Bumrah,Delhi,234,115
78,2022,PBKS,CSK,PBKS,Rohit,Delhi,146,110
79,2022,RCB,PBKS,PBKS,Rohit,Delhi,143,153
80,2024,SRH,RCB,RCB,Rohit,Hyderabad,122,169
81,2022,KKR,CSK,CSK,Kohli,Kolkata,176,208
82,2018,PBKS,KKR,KKR,SKY,Chennai,148,156
83,2021,PBKS,RCB,RCB,Dhoni,Chennai,169,171
84,2020,PBKS,DC,PBKS,Russell,Mumbai,199,178
85,2023,RCB,MI,RCB,Dhoni,Delhi,222,199
86,2022,RCB,SRH,RCB,Gill,Chennai,204,172
87,2020,DC,MI,DC,SKY,Chennai,176,131
88,2019,RR,RCB,RR,SKY,Hyderabad,140,114
89,2024,RR,PBKS,RR,Bumrah,Kolkata,207,165
90,2021,RCB,SRH,SRH,Buttler,Delhi,130,183
91,2025,DC,MI,DC,Buttler,Mumbai,161,158
92,2022,KKR,RCB,KKR,Gill,Delhi,224,171
93,2025,RR,CSK,RR,Buttler,Chennai,240,204
94,2018,DC,SRH,SRH,Buttler,Kolkata,191,207
95,2025,RCB,CSK,RCB,Kohli,Mumbai,193,104
96,2023,RR,KKR,RR,Bumrah,Delhi,215,126
97,2023,RR,CSK,CSK,Russell,Mumbai,166,218
98,2023,MI,PBKS,MI,Russell,Hyderabad,174,159
99,2023,DC,RCB,RCB,Kohli,Hyderabad,152,236
100,2019,SRH,CSK,CSK,Gill,Delhi,122,228
101,2021,CSK,PBKS,CSK,SKY,Delhi,195,138
102,2024,KKR,SRH,SRH,Kohli,Kolkata,141,184
103,2020,CSK,RCB,CSK,Russell,Kolkata,160,139
104,2025,MI,SRH,MI,SKY,Hyderabad,209,120
105,2023,PBKS,CSK,CSK,Buttler,Chennai,147,156
106,2024,KKR,CSK,KKR,Dhoni,Hyderabad,232,178
107,2023,RCB,DC,RCB,Buttler,Mumbai,149,146
108,2025,PBKS,DC,DC,SKY,Hyderabad,205,232
109,2021,PBKS,SRH,PBKS,Bumrah,Hyderabad,232,126
110,2020,DC,KKR,KKR,Kohli,Delhi,135,138
111,2022,MI,SRH,MI,SKY,Delhi,214,135
112,2025,SRH,MI,SRH,Dhoni,Delhi,157,115
113,2020,PBKS,KKR,PBKS,Bumrah,Delhi,174,134
114,2021,KKR,PBKS,KKR,SKY,Hyderabad,188,183
115,2018,KKR,DC,KKR,Bumrah,Kolkata,235,146
116,2021,PBKS,SRH,PBKS,Rohit,Chennai,220,197
117,2019,RR,SRH,SRH,Kohli,Delhi,151,206
118,2021,KKR,RR,KKR,Buttler,Delhi,198,118
119,2025,RR,KKR,RR,Gill,Delhi,239,120
120,2021,PBKS,MI,MI,Bumrah,Kolkata,207,238
121,2022,PBKS,RR,PBKS,Gill,Chennai,188,187
122,2024,RCB,RR,RR,SKY,Mumbai,158,201
123,2025,RR,DC,RR,Dhoni,Hyderabad,222,189
124,2021,MI,RR,MI,SKY,Mumbai,200,172
125,2023,PBKS,SRH,SRH,Dhoni,Kolkata,147,170
126,2024,RR,SRH,RR,Kohli,Chennai,169,121
127,2024,PBKS,KKR,KKR,Bumrah,Hyderabad,167,195
128,2025,DC,PBKS,DC,Russell,Chennai,190,105
129,2023,RCB,DC,DC,Bumrah,Kolkata,129,168
130,2020,KKR,CSK,CSK,Kohli,Chennai,125,167
131,2021,RCB,RR,RR,Bumrah,Kolkata,160,168
132,2024,PBKS,SRH,SRH,SKY,Chennai,202,212
133,2024,KKR,RR,KKR,Bumrah,Mumbai,221,166
134,2020,CSK,RR,CSK,Kohli,Hyderabad,206,143
135,2018,RR,DC,RR,Bumrah,Chennai,133,118
136,2021,DC,KKR,KKR,Dhoni,Mumbai,203,215
137,2023,DC,PBKS,PBKS,Bumrah,Mumbai,209,212
138,2025,PBKS,DC,DC,Buttler,Hyderabad,225,231
139,2021,RCB,MI,RCB,Russell,Hyderabad,153,123
140,2019,RCB,RR,RCB,Buttler,Kolkata,217,188
141,2018,CSK,SRH,CSK,Bumrah,Kolkata,197,192
142,2023,CSK,SRH,CSK,Gill,Mumbai,151,104
143,2021,KKR,CSK,CSK,SKY,Kolkata,185,200
144,2022,CSK,DC,DC,Buttler,Mumbai,169,204
145,2022,PBKS,MI,MI,SKY,Delhi,183,210
146,2024,RCB,SRH,RCB,Buttler,Kolkata,230,107
147,2019,PBKS,SRH,PBKS,SKY,Kolkata,138,120
148,2020,KKR,SRH,KKR,Dhoni,Mumbai,198,190
149,2020,KKR,CSK,KKR,Russell,Chennai,208,142
150,2021,SRH,RCB,RCB,Dhoni,Kolkata,172,214
151,2020,KKR,CSK,CSK,Buttler,Hyderabad,122,200
152,2020,DC,RR,DC,Gill,Delhi,226,199
153,2025,KKR,SRH,SRH,Dhoni,Hyderabad,198,200
154,2024,RCB,DC,RCB,Rohit,Chennai,178,142
155,2025,MI,DC,MI,SKY,Hyderabad,176,145
156,2020,KKR,DC,KKR,Russell,Chennai,217,179
157,2022,SRH,RCB,RCB,Gill,Chennai,170,182
158,2025,DC,SRH,SRH,Buttler,Kolkata,162,208
159,2019,RR,DC,RR,Buttler,Delhi,233,137
160,2024,KKR,DC,DC,Bumrah,Chennai,190,213
161,2022,PBKS,SRH,PBKS,SKY,Delhi,195,148
162,2018,RR,RCB,RR,Gill,Kolkata,239,165
163,2023,PBKS,SRH,PBKS,Buttler,Kolkata,191,107
164,2024,KKR,SRH,SRH,Buttler,Chennai,145,165
165,2022,KKR,DC,KKR,SKY,Chennai,197,168
166,2018,DC,PBKS,DC,Bumrah,Mumbai,216,170
167,2024,DC,KKR,DC,Buttler,Kolkata,234,157
168,2023,KKR,RCB,KKR,Buttler,Hyderabad,205,159
169,2025,KKR,PBKS,KKR,Bumrah,Chennai,204,125
170,2018,RCB,RR,RCB,Kohli,Kolkata,226,111
171,2020,CSK,PBKS,CSK,Bumrah,Kolkata,148,100
172,2019,SRH,MI,MI,SKY,Delhi,179,193
173,2025,RR,PBKS,RR,Dhoni,Kolkata,196,173
174,2020,PBKS,DC,PBKS,Gill,Kolkata,195,152
175,2024,CSK,RCB,RCB,Gill,Kolkata,152,154
176,2018,DC,SRH,DC,Kohli,Kolkata,192,130
177,2021,RR,MI,MI,Kohli,Chennai,221,224
178,2021,RR,CSK,CSK,SKY,Chennai,208,229
179,2022,CSK,MI,MI,Buttler,Kolkata,205,228
180,2018,CSK,RCB,CSK,Russell,Delhi,185,153
181,2019,PBKS,MI,MI,Russell,Hyderabad,184,194
182,2019,SRH,RCB,RCB,Dhoni,Hyderabad,142,207
183,2020,KKR,SRH,KKR,Gill,Delhi,157,103
184,2025,DC,KKR,DC,Kohli,Chennai,157,126
185,2018,MI,DC,DC,Rohit,Hyderabad,126,234
186,2020,MI,SRH,MI,Bumrah,Delhi,120,103
187,2022,DC,KKR,DC,Kohli,Delhi,148,130
188,2019,DC,RCB,RCB,Kohli,Kolkata,187,219
189,2022,RCB,RR,RCB,Dhoni,Delhi,180,116
190,2022,RR,DC,RR,Kohli,Kolkata,183,116
191,2025,KKR,MI,MI,Rohit,Chennai,161,197
192,2019,PBKS,RR,RR,Kohli,Hyderabad,155,216
193,2022,DC,CSK,DC,Rohit,Chennai,206,103
194,2018,MI,RCB,MI,Russell,Kolkata,136,126
195,2019,RR,DC,RR,Gill,Mumbai,187,170
196,2025,SRH,MI,SRH,Rohit,Delhi,170,110
197,2020,PBKS,MI,MI,Bumrah,Hyderabad,161,233
198,2020,RCB,CSK,RCB,Rohit,Hyderabad,185,125
199,2019,CSK,RR,RR,Dhoni,Kolkata,122,152
200,2024,CSK,PBKS,PBKS,Bumrah,Kolkata,178,192
201,2019,DC,RR,RR,SKY,Delhi,130,183
202,2019,MI,KKR,KKR,Dhoni,Delhi,147,152
203,2025,RCB,RR,RR,SKY,Kolkata,167,180
204,2019,PBKS,KKR,PBKS,Gill,Hyderabad,154,115
205,2020,SRH,KKR,KKR,Kohli,Hyderabad,155,179
206,2020,SRH,RR,RR,Dhoni,Kolkata,147,188
207,2020,MI,SRH,MI,Bumrah,Chennai,197,161
208,2023,SRH,CSK,SRH,Russell,Delhi,219,159
209,2021,SRH,PBKS,PBKS,Bumrah,Kolkata,167,180
210,2021,PBKS,RCB,PBKS,Kohli,Chennai,203,159
211,2023,RR,DC,RR,SKY,Kolkata,201,131
212,2019,PBKS,SRH,PBKS,Rohit,Mumbai,232,225
213,2018,PBKS,DC,PBKS,SKY,Mumbai,159,108
214,2025,SRH,MI,SRH,Kohli,Hyderabad,191,119
215,2019,SRH,MI,SRH,Kohli,Chennai,207,172
216,2020,RCB,RR,RR,Rohit,Hyderabad,128,196
217,2018,PBKS,CSK,PBKS,Dhoni,Chennai,149,106
218,2022,RR,DC,RR,SKY,Chennai,179,176
219,2021,MI,DC,DC,Russell,Hyderabad,188,236
220,2020,MI,KKR,KKR,Gill,Delhi,143,155
221,2022,PBKS,MI,PBKS,Dhoni,Hyderabad,223,186
222,2023,RR,DC,DC,SKY,Delhi,230,236
223,2024,MI,RCB,MI,Dhoni,Hyderabad,226,214
224,2021,RCB,RR,RCB,Gill,Delhi,239,220
225,2019,KKR,RR,RR,Russell,Hyderabad,174,233
226,2025,RCB,MI,RCB,Russell,Hyderabad,223,109
227,2022,MI,PBKS,PBKS,Russell,Chennai,150,179
228,2021,KKR,PBKS,PBKS,Rohit,Mumbai,129,184
229,2019,RCB,PBKS,RCB,Kohli,Delhi,189,174
230,2021,RCB,KKR,KKR,Rohit,Hyderabad,131,180
231,2020,KKR,DC,KKR,Gill,Hyderabad,213,149
232,2022,SRH,MI,MI,SKY,Delhi,145,172
233,2025,RR,KKR,KKR,Russell,Chennai,202,224
234,2022,RR,CSK,CSK,SKY,Delhi,131,187
235,2025,DC,MI,DC,Kohli,Kolkata,206,105
236,2020,RCB,DC,RCB,Buttler,Delhi,181,126
237,2023,SRH,RCB,RCB,Dhoni,Kolkata,195,224
238,2018,RR,RCB,RCB,Kohli,Kolkata,191,204
239,2023,DC,MI,DC,Kohli,Delhi,237,198
240,2023,RCB,MI,MI,Dhoni,Chennai,152,197
241,2021,PBKS,SRH,PBKS,Rohit,Chennai,194,171
242,2024,MI,RCB,RCB,Kohli,Delhi,211,237
243,2019,CSK,PBKS,CSK,Gill,Delhi,227,226
244,2018,RCB,RR,RR,Gill,Delhi,157,240
245,2022,RCB,RR,RCB,Buttler,Chennai,233,194
246,2025,RR,CSK,RR,Dhoni,Hyderabad,150,104
247,2021,DC,PBKS,DC,Russell,Hyderabad,230,123
248,2018,PBKS,RR,PBKS,Buttler,Hyderabad,225,164
249,2018,RR,SRH,RR,Russell,Chennai,193,105
250,2020,PBKS,SRH,PBKS,SKY,Hyderabad,201,194
251,2019,CSK,DC,DC,Gill,Hyderabad,158,195
252,2021,MI,SRH,SRH,Bumrah,Kolkata,188,210
253,2020,PBKS,RCB,PBKS,Rohit,Hyderabad,206,130
254,2025,SRH,RR,RR,Russell,Chennai,150,182
255,2022,CSK,SRH,SRH,Buttler,Hyderabad,148,166
256,2022,RCB,DC,RCB,Buttler,Delhi,207,124
257,2022,RCB,KKR,KKR,Gill,Mumbai,146,223
258,2022,SRH,MI,SRH,Russell,Chennai,192,181
259,2022,KKR,RR,KKR,Buttler,Chennai,240,220
260,2021,PBKS,KKR,PBKS,Bumrah,Chennai,205,106
261,2021,DC,PBKS,PBKS,Russell,Kolkata,152,218
262,2024,CSK,RCB,CSK,Dhoni,Kolkata,134,127
263,2025,SRH,RCB,SRH,Bumrah,Delhi,210,210
264,2022,KKR,RR,RR,Russell,Chennai,183,201
265,2018,CSK,PBKS,PBKS,Dhoni,Kolkata,172,224
266,2025,KKR,RCB,KKR,Bumrah,Hyderabad,168,146
267,2020,RR,KKR,KKR,Dhoni,Delhi,207,209
268,2025,PBKS,RR,RR,Bumrah,Kolkata,189,212
269,2019,PBKS,KKR,KKR,Bumrah,Chennai,219,233
270,2021,RCB,PBKS,RCB,SKY,Hyderabad,196,164
271,2022,DC,PBKS,DC,Rohit,Mumbai,219,196
272,2025,SRH,KKR,SRH,Kohli,Chennai,234,136
273,2019,MI,PBKS,MI,Buttler,Kolkata,184,122
274,2018,CSK,RR,RR,Bumrah,Chennai,138,206
275,2018,MI,RCB,MI,SKY,Delhi,151,109
276,2024,RCB,MI,RCB,Dhoni,Hyderabad,139,123
277,2023,RCB,RR,RCB,Dhoni,Delhi,182,102
278,2025,PBKS,MI,MI,Buttler,Delhi,232,238
279,2019,PBKS,MI,PBKS,Bumrah,Hyderabad,130,125
280,2022,RR,RCB,RR,Rohit,Chennai,214,141
281,2025,CSK,RCB,RCB,Buttler,Mumbai,127,165
282,2025,RR,SRH,SRH,Rohit,Hyderabad,209,214
283,2018,RR,DC,RR,Bumrah,Kolkata,231,182
284,2024,DC,RR,DC,Rohit,Mumbai,170,149
285,2024,PBKS,KKR,PBKS,Russell,Hyderabad,165,125
286,2019,MI,RR,MI,Dhoni,Chennai,202,109
287,2019,MI,SRH,MI,Russell,Mumbai,194,164
288,2022,DC,PBKS,PBKS,SKY,Delhi,132,140
289,2022,SRH,MI,SRH,Rohit,Delhi,171,118
290,2023,SRH,RCB,SRH,Kohli,Hyderabad,236,201
291,2021,MI,CSK,CSK,Russell,Chennai,130,153
292,2021,PBKS,CSK,CSK,SKY,Delhi,163,198
293,2018,RCB,CSK,RCB,Gill,Mumbai,233,231
294,2022,RR,PBKS,RR,SKY,Chennai,208,178
295,2023,RR,MI,RR,Bumrah,Kolkata,224,120
296,2023,KKR,MI,KKR,Russell,Chennai,214,139
297,2024,SRH,RR,SRH,SKY,Delhi,205,197
298,2024,SRH,MI,MI,Bumrah,Chennai,141,176
299,2021,DC,PBKS,PBKS,Kohli,Chennai,160,186
300,2024,KKR,PBKS,KKR,Dhoni,Kolkata,176,134
301,2020,MI,CSK,MI,SKY,Mumbai,167,156
302,2024,RR,MI,RR,Dhoni,Chennai,239,179
303,2024,SRH,DC,SRH,Bumrah,Delhi,208,131
304,2019,PBKS,SRH,PBKS,Kohli,Hyderabad,214,161
305,2024,KKR,DC,KKR,SKY,Delhi,172,132
306,2019,RR,RCB,RR,Russell,Chennai,181,104
307,2020,RCB,MI,RCB,Russell,Delhi,231,167
308,2025,KKR,PBKS,KKR,Buttler,Hyderabad,189,116
309,2021,MI,CSK,CSK,Buttler,Kolkata,198,210
310,2020,KKR,RCB,RCB,Gill,Kolkata,166,238
311,2019,PBKS,CSK,CSK,Kohli,Kolkata,141,234
312,2022,DC,SRH,DC,Russell,Hyderabad,201,195
313,2019,RCB,CSK,RCB,SKY,Delhi,239,139
314,2020,MI,DC,DC,Rohit,Chennai,153,189
315,2023,SRH,CSK,SRH,SKY,Mumbai,197,188
316,2020,KKR,DC,KKR,Russell,Mumbai,170,137
317,2020,MI,RCB,RCB,Dhoni,Mumbai,132,223
318,2020,SRH,PBKS,SRH,Gill,Mumbai,194,139
319,2024,SRH,RCB,RCB,Russell,Delhi,150,227
320,2020,PBKS,KKR,PBKS,Bumrah,Kolkata,207,131
321,2020,DC,RR,DC,Rohit,Hyderabad,219,208
322,2019,SRH,KKR,SRH,Rohit,Kolkata,184,182
323,2023,RCB,SRH,RCB,Buttler,Hyderabad,233,169
324,2024,SRH,DC,DC,Buttler,Delhi,121,126
325,2023,CSK,RCB,CSK,Dhoni,Hyderabad,240,168
326,2025,PBKS,KKR,PBKS,Gill,Delhi,138,108
327,2021,SRH,RR,SRH,Dhoni,Chennai,236,172
328,2023,PBKS,KKR,PBKS,Dhoni,Chennai,163,130
329,2022,DC,MI,DC,Rohit,Hyderabad,179,124
330,2020,DC,MI,DC,Bumrah,Kolkata,213,177
331,2021,SRH,DC,SRH,Bumrah,Mumbai,189,177
332,2023,DC,MI,MI,Gill,Delhi,191,236
333,2023,RCB,RR,RCB,Russell,Delhi,194,170
334,2020,SRH,PBKS,PBKS,Bumrah,Chennai,158,201
335,2019,RR,SRH,RR,Kohli,Kolkata,225,114
336,2019,MI,KKR,KKR,Gill,Hyderabad,167,203
337,2025,MI,CSK,CSK,Rohit,Mumbai,124,128
338,2025,SRH,DC,SRH,Kohli,Mumbai,173,142
339,2020,DC,CSK,DC,Rohit,Mumbai,183,176
340,2023,RCB,DC,RCB,Rohit,Kolkata,197,174
341,2025,KKR,MI,KKR,Russell,Hyderabad,175,157
342,2021,RCB,SRH,RCB,Bumrah,Kolkata,185,115
343,2022,DC,RR,RR,Kohli,Hyderabad,158,238
344,2024,SRH,RR,RR,Kohli,Kolkata,159,160
345,2020,RCB,MI,RCB,Gill,Chennai,180,135
346,2020,SRH,KKR,KKR,Dhoni,Delhi,190,236
347,2024,CSK,DC,DC,Bumrah,Kolkata,121,156
348,2023,KKR,PBKS,KKR,Russell,Delhi,148,133
349,2024,RR,SRH,RR,Dhoni,Mumbai,209,206
350,2023,PBKS,KKR,PBKS,Kohli,Chennai,191,120
351,2020,MI,CSK,MI,SKY,Kolkata,172,112
352,2021,MI,KKR,KKR,Russell,Delhi,166,171
353,2021,RR,KKR,RR,Bumrah,Chennai,227,151
354,2022,CSK,RR,CSK,Gill,Hyderabad,149,134
355,2021,KKR,DC,KKR,SKY,Mumbai,236,149
356,2025,CSK,RR,CSK,Gill,Mumbai,194,106
357,2024,CSK,MI,MI,Dhoni,Hyderabad,120,221
358,2025,SRH,MI,MI,Kohli,Hyderabad,141,149
359,2020,RR,SRH,SRH,Kohli,Kolkata,174,231
360,2024,MI,PBKS,PBKS,Gill,Hyderabad,132,232
361,2023,KKR,DC,KKR,Dhoni,Hyderabad,220,193
362,2019,KKR,CSK,CSK,Bumrah,Delhi,162,228
363,2022,KKR,PBKS,KKR,SKY,Mumbai,212,147
364,2019,SRH,DC,SRH,Rohit,Mumbai,185,123
365,2024,DC,RCB,RCB,Buttler,Kolkata,189,215
366,2022,SRH,PBKS,SRH,Buttler,Hyderabad,226,225
367,2022,MI,PBKS,MI,Buttler,Mumbai,233,114
368,2024,SRH,RR,SRH,Dhoni,Kolkata,150,111
369,2025,RCB,RR,RCB,SKY,Delhi,156,105
370,2018,RCB,KKR,KKR,Russell,Chennai,208,223
371,2024,PBKS,SRH,SRH,SKY,Mumbai,141,180
372,2020,MI,KKR,KKR,Bumrah,Hyderabad,186,195
373,2020,RCB,KKR,RCB,Kohli,Chennai,226,110
374,2022,PBKS,RCB,RCB,Bumrah,Chennai,127,198
375,2025,RR,PBKS,RR,Rohit,Delhi,222,146
376,2024,KKR,SRH,KKR,Russell,Hyderabad,212,181
377,2025,KKR,MI,KKR,Dhoni,Chennai,211,186
378,2023,KKR,PBKS,PBKS,Kohli,Hyderabad,160,200
379,2025,RR,KKR,KKR,Bumrah,Delhi,133,210
380,2023,DC,PBKS,DC,Gill,Kolkata,191,110
381,2018,KKR,MI,KKR,SKY,Chennai,233,199
382,2025,PBKS,SRH,PBKS,Gill,Mumbai,228,131
383,2024,KKR,CSK,KKR,Rohit,Kolkata,188,184
384,2020,CSK,RCB,RCB,Gill,Hyderabad,204,239
385,2023,PBKS,CSK,CSK,SKY,Mumbai,213,229
386,2020,RCB,PBKS,RCB,Bumrah,Kolkata,149,127
387,2019,SRH,DC,DC,Gill,Mumbai,181,214
388,2025,PBKS,RR,PBKS,Kohli,Chennai,208,192
389,2025,DC,MI,DC,Buttler,Kolkata,191,137
390,2020,CSK,RCB,RCB,Kohli,Hyderabad,158,162
391,2021,PBKS,KKR,PBKS,Russell,Mumbai,143,142
392,2021,MI,RCB,MI,Rohit,Hyderabad,160,150
393,2018,CSK,MI,CSK,SKY,Hyderabad,222,166
394,2023,KKR,RR,RR,Kohli,Mumbai,204,213
395,2021,KKR,MI,KKR,Rohit,Chennai,220,156
396,2025,PBKS,RCB,PBKS,Dhoni,Mumbai,150,114
397,2024,DC,PBKS,DC,Bumrah,Hyderabad,156,128
398,2018,CSK,MI,CSK,Kohli,Hyderabad,209,183
399,2023,SRH,PBKS,PBKS,SKY,Chennai,149,225
400,2025,DC,CSK,DC,Russell,Chennai,158,129
401,2023,MI,RR,MI,Dhoni,Mumbai,205,163
402,2018,RR,DC,RR,Rohit,Kolkata,188,108
403,2023,PBKS,DC,DC,SKY,Mumbai,120,237
404,2020,SRH,RR,SRH,Russell,Mumbai,140,134
405,2025,RR,DC,RR,SKY,Mumbai,145,103
406,2023,MI,RR,MI,SKY,Kolkata,207,187
407,2022,DC,RR,RR,Kohli,Chennai,147,184
408,2018,CSK,SRH,SRH,Bumrah,Chennai,122,230
409,2025,KKR,RCB,KKR,Bumrah,Mumbai,157,144
410,2023,RR,MI,RR,Buttler,Kolkata,238,197
411,2018,RR,PBKS,RR,SKY,Mumbai,227,124
412,2018,RR,SRH,SRH,Russell,Hyderabad,153,176
413,2025,RR,CSK,RR,SKY,Delhi,169,103
414,2018,DC,RR,RR,Dhoni,Kolkata,148,195
415,2022,SRH,MI,SRH,Dhoni,Kolkata,138,103
416,2023,CSK,MI,MI,Rohit,Hyderabad,135,219
417,2018,PBKS,DC,DC,Russell,Delhi,164,231
418,2022,MI,CSK,MI,Kohli,Delhi,191,158
419,2023,KKR,SRH,SRH,Kohli,Chennai,131,208
420,2025,SRH,MI,SRH,Rohit,Hyderabad,189,111
421,2021,RR,MI,RR,SKY,Chennai,193,155
422,2022,SRH,RR,RR,Buttler,Mumbai,188,203
423,2024,RCB,MI,MI,Rohit,Delhi,140,182
424,2022,MI,RR,RR,Gill,Hyderabad,143,179
425,2021,RCB,DC,DC,Gill,Delhi,127,183
426,2019,KKR,SRH,KKR,Bumrah,Hyderabad,231,183
427,2024,RR,RCB,RCB,Buttler,Kolkata,172,192
428,2019,RR,KKR,RR,Buttler,Hyderabad,219,103
429,2023,CSK,RCB,RCB,Kohli,Hyderabad,139,141
430,2019,MI,CSK,CSK,Russell,Chennai,131,136
431,2021,CSK,MI,MI,Buttler,Delhi,164,232
432,2022,RCB,KKR,RCB,Buttler,Hyderabad,210,120
433,2025,RCB,PBKS,RCB,Russell,Chennai,219,209
434,2020,MI,KKR,MI,Gill,Hyderabad,197,182
435,2023,RCB,RR,RR,Dhoni,Delhi,147,201
436,2018,SRH,PBKS,SRH,Dhoni,Delhi,220,185
437,2022,KKR,DC,DC,Gill,Chennai,199,209
438,2025,MI,DC,DC,Russell,Delhi,210,232
439,2025,DC,RCB,RCB,Kohli,Chennai,187,231
440,2023,SRH,PBKS,SRH,Russell,Delhi,175,119
441,2025,KKR,PBKS,PBKS,Gill,Mumbai,163,232
442,2023,RR,SRH,RR,Kohli,Hyderabad,193,155
443,2019,SRH,KKR,KKR,Rohit,Delhi,132,207
444,2025,SRH,DC,SRH,Bumrah,Chennai,221,112
445,2024,SRH,CSK,CSK,Gill,Chennai,128,216
446,2025,CSK,DC,CSK,Dhoni,Kolkata,185,178
447,2019,SRH,DC,SRH,Russell,Delhi,231,106
448,2018,MI,RCB,MI,SKY,Delhi,161,140
449,2021,CSK,KKR,CSK,Dhoni,Hyderabad,216,201
450,2024,PBKS,CSK,CSK,Gill,Mumbai,153,171
451,2019,PBKS,SRH,PBKS,Dhoni,Chennai,170,156
452,2023,RCB,CSK,CSK,Gill,Kolkata,192,222
453,2024,RR,KKR,RR,Rohit,Hyderabad,183,150
454,2022,KKR,RR,RR,Bumrah,Kolkata,169,214
455,2022,RCB,KKR,RCB,Rohit,Delhi,219,196
456,2025,DC,RR,DC,Buttler,Delhi,224,165
457,2019,RCB,RR,RCB,Kohli,Hyderabad,233,152
458,2022,SRH,MI,SRH,Bumrah,Mumbai,183,136
459,2024,MI,PBKS,PBKS,Bumrah,Kolkata,175,212
460,2022,PBKS,RR,PBKS,Dhoni,Chennai,195,138
461,2019,PBKS,KKR,PBKS,Rohit,Delhi,173,102
462,2023,CSK,RR,RR,Gill,Kolkata,198,239
463,2019,CSK,KKR,CSK,Rohit,Mumbai,205,118
464,2020,RR,MI,MI,SKY,Chennai,166,171
465,2023,SRH,KKR,SRH,Rohit,Mumbai,232,154
466,2018,RR,SRH,RR,Buttler,Delhi,190,150
467,2023,RR,DC,RR,Russell,Kolkata,223,103
468,2019,MI,SRH,MI,Dhoni,Hyderabad,223,217
469,2022,KKR,PBKS,PBKS,Gill,Kolkata,158,201
470,2023,SRH,PBKS,SRH,Gill,Mumbai,149,127
471,2019,RR,CSK,CSK,Gill,Chennai,179,238
472,2019,CSK,RR,RR,Gill,Kolkata,135,234
473,2020,RCB,SRH,SRH,Dhoni,Kolkata,141,203
474,2019,PBKS,KKR,PBKS,Gill,Delhi,232,203
475,2019,RR,PBKS,RR,Gill,Kolkata,148,114
476,2018,KKR,DC,DC,Buttler,Hyderabad,163,172
477,2018,RCB,CSK,RCB,Dhoni,Hyderabad,221,104
478,2023,CSK,KKR,KKR,Buttler,Kolkata,158,171
479,2019,DC,RR,DC,SKY,Chennai,133,129
480,2021,KKR,SRH,KKR,Russell,Chennai,205,162
481,2019,DC,MI,MI,Rohit,Kolkata,127,194
482,2021,SRH,KKR,SRH,Russell,Mumbai,217,151
483,2025,RCB,MI,MI,SKY,Delhi,184,215
484,2019,RR,MI,RR,Buttler,Hyderabad,127,124
485,2022,SRH,DC,SRH,SKY,Hyderabad,183,106
486,2025,KKR,RCB,RCB,Russell,Mumbai,133,204
487,2022,SRH,CSK,SRH,SKY,Mumbai,223,197
488,2018,SRH,RR,SRH,SKY,Delhi,237,193
489,2023,RR,CSK,CSK,Russell,Delhi,127,160
490,2020,RR,PBKS,RR,Buttler,Mumbai,234,165
491,2019,DC,RCB,DC,Buttler,Kolkata,239,149
492,2019,SRH,PBKS,SRH,Dhoni,Mumbai,184,156
493,2023,RR,DC,DC,Bumrah,Chennai,178,179
494,2018,RCB,RR,RCB,Dhoni,Chennai,227,148
495,2018,DC,SRH,DC,Buttler,Hyderabad,226,180
496,2025,MI,SRH,MI,Buttler,Hyderabad,224,104
497,2019,KKR,CSK,CSK,Kohli,Hyderabad,175,188
498,2020,RCB,RR,RR,Kohli,Kolkata,136,235
499,2020,PBKS,CSK,PBKS,Russell,Chennai,206,142
500,2018,MI,CSK,MI,Kohli,Mumbai,220,138
501,2024,PBKS,KKR,KKR,Buttler,Chennai,130,239
502,2020,MI,DC,DC,Bumrah,Chennai,183,192
503,2018,DC,PBKS,DC,Rohit,Mumbai,135,122
504,2025,RR,PBKS,PBKS,Russell,Mumbai,125,147
505,2022,PBKS,SRH,SRH,Gill,Chennai,142,181
506,2018,DC,MI,MI,SKY,Kolkata,194,226
507,2024,SRH,RR,SRH,Rohit,Chennai,194,131
508,2021,MI,CSK,MI,Buttler,Mumbai,171,127
509,2018,MI,SRH,MI,Rohit,Delhi,226,187
510,2022,RR,DC,RR,Kohli,Kolkata,182,172
511,2024,RR,CSK,RR,Bumrah,Mumbai,168,100
512,2025,CSK,SRH,SRH,Kohli,Delhi,179,234
513,2024,CSK,DC,CSK,Buttler,Chennai,196,183
514,2022,RCB,SRH,SRH,SKY,Chennai,134,229
515,2025,RCB,CSK,RCB,Buttler,Hyderabad,146,136
516,2022,KKR,DC,DC,Rohit,Delhi,223,236
517,2024,MI,PBKS,MI,Russell,Mumbai,137,123
518,2019,PBKS,KKR,KKR,Russell,Chennai,127,190
519,2025,KKR,SRH,KKR,Rohit,Mumbai,200,164
520,2021,RR,RCB,RR,Kohli,Kolkata,212,146
521,2020,RR,RCB,RR,Russell,Mumbai,220,184
522,2024,DC,MI,DC,Dhoni,Hyderabad,130,110
523,2021,KKR,SRH,KKR,Gill,Hyderabad,197,113
524,2025,PBKS,RCB,PBKS,Gill,Chennai,152,120
525,2024,CSK,SRH,CSK,Buttler,Kolkata,179,169
526,2019,PBKS,CSK,CSK,Buttler,Hyderabad,157,187
527,2023,RCB,DC,RCB,Buttler,Hyderabad,189,127
528,2018,SRH,KKR,KKR,Buttler,Delhi,146,147
529,2023,SRH,RR,SRH,Rohit,Kolkata,200,191
530,2020,MI,RR,MI,Gill,Chennai,203,161
531,2019,SRH,RR,SRH,Russell,Mumbai,212,198
532,2019,RR,KKR,KKR,Gill,Mumbai,193,217
533,2021,KKR,DC,KKR,Bumrah,Kolkata,138,135
534,2021,RR,CSK,RR,Dhoni,Mumbai,234,158
535,2022,RCB,RR,RR,Dhoni,Kolkata,181,205
536,2020,KKR,SRH,SRH,Kohli,Delhi,143,189
537,2023,SRH,RCB,SRH,Bumrah,Mumbai,147,132
538,2025,CSK,RCB,RCB,Buttler,Chennai,124,131
539,2025,MI,CSK,MI,Russell,Hyderabad,140,111
540,2020,DC,MI,DC,Russell,Kolkata,193,125
541,2019,KKR,DC,DC,Kohli,Delhi,189,209
542,2022,KKR,DC,KKR,Kohli,Delhi,133,110
543,2022,KKR,CSK,CSK,Rohit,Kolkata,124,239
544,2019,PBKS,RR,PBKS,Rohit,Kolkata,238,185
545,2019,SRH,PBKS,SRH,Gill,Chennai,216,104
546,2021,KKR,RCB,RCB,SKY,Mumbai,123,142
547,2020,MI,SRH,MI,Rohit,Delhi,222,170
548,2025,DC,MI,DC,Russell,Kolkata,174,140
549,2023,KKR,DC,DC,SKY,Kolkata,135,170
550,2018,KKR,MI,MI,Gill,Mumbai,130,137
551,2024,DC,PBKS,PBKS,Bumrah,Hyderabad,157,176
552,2020,CSK,RCB,CSK,SKY,Hyderabad,165,122
553,2021,CSK,PBKS,CSK,Buttler,Hyderabad,182,155
554,2021,KKR,CSK,KKR,Gill,Hyderabad,208,206
555,2025,MI,SRH,MI,Dhoni,Delhi,228,185
556,2023,DC,RR,RR,Kohli,Delhi,167,187
557,2023,PBKS,RCB,RCB,Bumrah,Kolkata,187,198
558,2024,DC,PBKS,DC,Buttler,Mumbai,140,125
559,2018,RR,SRH,RR,Kohli,Chennai,233,224
560,2024,RCB,KKR,KKR,Russell,Chennai,124,147
561,2025,PBKS,RCB,PBKS,Dhoni,Hyderabad,132,132
562,2019,CSK,RCB,RCB,Bumrah,Delhi,123,238
563,2022,RCB,DC,DC,Bumrah,Hyderabad,165,195
564,2019,SRH,RR,SRH,Bumrah,Delhi,226,219
565,2018,DC,SRH,DC,Russell,Delhi,133,112
566,2019,CSK,KKR,CSK,Gill,Hyderabad,237,234
567,2018,PBKS,KKR,PBKS,Kohli,Hyderabad,166,144
568,2022,KKR,CSK,KKR,Rohit,Delhi,233,211
569,2025,PBKS,DC,DC,Kohli,Chennai,151,233
570,2021,DC,CSK,DC,Rohit,Kolkata,188,168
571,2024,PBKS,CSK,PBKS,Rohit,Delhi,178,137
572,2018,DC,KKR,KKR,Dhoni,Kolkata,123,173
573,2025,PBKS,CSK,PBKS,SKY,Mumbai,221,192
574,2021,MI,RR,MI,Dhoni,Chennai,153,153
575,2023,DC,MI,DC,Buttler,Kolkata,221,198
576,2023,KKR,MI,MI,Bumrah,Mumbai,157,218
577,2020,CSK,RR,CSK,SKY,Mumbai,209,112
578,2021,KKR,CSK,CSK,Dhoni,Mumbai,195,237
579,2020,PBKS,RR,RR,Kohli,Delhi,171,230
580,2020,RR,CSK,RR,Buttler,Kolkata,187,113
581,2018,MI,CSK,MI,SKY,Kolkata,229,109
582,2018,DC,CSK,DC,Kohli,Hyderabad,125,109
583,2023,SRH,RCB,SRH,Russell,Kolkata,194,101
584,2022,PBKS,KKR,PBKS,Buttler,Kolkata,183,124
585,2023,RCB,KKR,RCB,SKY,Hyderabad,199,168
586,2021,KKR,RR,KKR,Bumrah,Hyderabad,240,146
587,2018,DC,MI,DC,Rohit,Delhi,156,109
588,2018,DC,PBKS,DC,Buttler,Hyderabad,189,173
589,2018,MI,RCB,RCB,Russell,Kolkata,139,222
590,2024,CSK,SRH,SRH,Bumrah,Mumbai,166,237
591,2023,PBKS,RR,RR,SKY,Kolkata,146,219
592,2023,SRH,MI,SRH,Bumrah,Chennai,220,219
593,2024,PBKS,RR,RR,Dhoni,Mumbai,138,172
594,2025,CSK,SRH,CSK,Rohit,Delhi,158,128
595,2025,RR,PBKS,RR,Buttler,Hyderabad,232,134
596,2020,SRH,KKR,SRH,Kohli,Mumbai,150,147
597,2024,MI,KKR,KKR,Russell,Kolkata,156,184
598,2021,KKR,CSK,KKR,Buttler,Chennai,217,204
599,2019,CSK,MI,CSK,Dhoni,Delhi,176,126
600,2025,MI,DC,MI,Dhoni,Hyderabad,195,164
601,2021,DC,SRH,DC,Gill,Delhi,234,166
602,2023,PBKS,CSK,CSK,Gill,Chennai,147,149
603,2023,RR,PBKS,RR,Gill,Hyderabad,125,115
604,2021,RCB,SRH,RCB,Russell,Mumbai,165,129
605,2024,MI,RCB,MI,Russell,Delhi,151,111
606,2023,RCB,PBKS,PBKS,Kohli,Delhi,160,163
607,2018,DC,SRH,DC,SKY,Mumbai,138,113
608,2018,RCB,DC,RCB,Buttler,Delhi,158,140
609,2025,KKR,DC,KKR,Gill,Hyderabad,214,172
610,2021,CSK,RCB,RCB,Dhoni,Mumbai,148,174
611,2020,DC,RR,RR,Rohit,Delhi,142,198
612,2020,MI,CSK,MI,Gill,Mumbai,182,115
613,2019,KKR,CSK,CSK,Buttler,Mumbai,126,135
614,2018,SRH,PBKS,SRH,Russell,Chennai,206,181
615,2020,KKR,PBKS,KKR,Kohli,Delhi,239,112
616,2021,MI,PBKS,MI,SKY,Chennai,224,136
617,2019,CSK,MI,MI,Kohli,Hyderabad,150,205
618,2019,RCB,KKR,RCB,Bumrah,Kolkata,208,156
619,2025,KKR,RCB,RCB,Russell,Delhi,158,176
620,2021,DC,RR,RR,SKY,Delhi,178,233
621,2024,RR,SRH,RR,SKY,Mumbai,122,119
622,2024,RR,DC,DC,Bumrah,Kolkata,144,186
623,2019,MI,RR,MI,Bumrah,Kolkata,208,142
624,2024,CSK,KKR,CSK,Dhoni,Delhi,178,124
625,2022,CSK,DC,DC,Rohit,Mumbai,149,183
626,2024,KKR,RR,KKR,Dhoni,Kolkata,228,107
627,2024,DC,KKR,DC,Bumrah,Mumbai,233,185
628,2025,SRH,DC,SRH,SKY,Delhi,171,120
629,2018,MI,SRH,SRH,Rohit,Hyderabad,132,161
630,2020,PBKS,CSK,PBKS,Rohit,Hyderabad,203,119
631,2020,DC,CSK,CSK,Bumrah,Chennai,132,238
632,2021,DC,SRH,SRH,Buttler,Delhi,163,187
633,2020,MI,CSK,MI,Buttler,Chennai,203,194
634,2021,CSK,KKR,CSK,Kohli,Mumbai,202,164
635,2021,RR,PBKS,RR,Dhoni,Kolkata,196,140
636,2025,RR,RCB,RR,Russell,Kolkata,123,121
637,2020,MI,RCB,MI,Rohit,Delhi,195,100
638,2021,KKR,DC,KKR,Gill,Delhi,225,122
639,2021,DC,KKR,KKR,Gill,Kolkata,149,157
640,2024,KKR,DC,KKR,SKY,Mumbai,137,115
641,2018,MI,CSK,MI,Bumrah,Mumbai,226,205
642,2024,RCB,KKR,RCB,Russell,Hyderabad,200,148
643,2020,CSK,SRH,CSK,SKY,Mumbai,221,111
644,2021,SRH,CSK,CSK,SKY,Mumbai,120,229
645,2023,DC,SRH,DC,Gill,Delhi,177,163
646,2025,SRH,MI,MI,Rohit,Hyderabad,154,231
647,2019,KKR,MI,KKR,SKY,Chennai,200,127
648,2020,MI,RR,MI,Rohit,Mumbai,202,129
649,2018,SRH,MI,MI,Gill,Hyderabad,176,238
650,2018,CSK,RR,CSK,Rohit,Delhi,233,205
651,2019,MI,PBKS,MI,Gill,Delhi,126,112
652,2021,RR,PBKS,RR,Dhoni,Mumbai,193,186
653,2021,RCB,RR,RCB,Russell,Hyderabad,190,138
654,2021,SRH,DC,DC,SKY,Hyderabad,128,161
655,2023,RR,KKR,KKR,Gill,Delhi,154,215
656,2020,KKR,RR,KKR,Bumrah,Kolkata,162,127
657,2019,CSK,RR,RR,SKY,Delhi,130,230
658,2025,DC,MI,DC,Gill,Delhi,206,114
659,2019,RR,RCB,RR,Dhoni,Mumbai,162,124
660,2023,DC,PBKS,DC,Russell,Chennai,170,170
661,2025,RR,SRH,RR,Kohli,Kolkata,210,107
662,2020,KKR,MI,MI,Russell,Hyderabad,127,221
663,2019,MI,RR,RR,Buttler,Chennai,175,230
664,2021,SRH,RR,SRH,Dhoni,Mumbai,202,175
665,2024,PBKS,SRH,SRH,Dhoni,Kolkata,229,237
666,2024,MI,RCB,RCB,Gill,Hyderabad,137,152
667,2021,SRH,KKR,SRH,Kohli,Mumbai,176,111
668,2025,RCB,RR,RCB,Kohli,Delhi,234,149
669,2024,DC,KKR,DC,Buttler,Kolkata,202,182
670,2023,MI,KKR,KKR,Gill,Mumbai,167,238
671,2024,RR,KKR,KKR,Kohli,Kolkata,178,232
672,2020,KKR,MI,MI,Dhoni,Kolkata,140,179
673,2023,KKR,DC,KKR,Rohit,Delhi,229,210
674,2024,SRH,CSK,SRH,Rohit,Mumbai,146,131
675,2023,MI,SRH,MI,Rohit,Chennai,231,157
676,2019,SRH,PBKS,PBKS,Bumrah,Mumbai,138,181
677,2023,SRH,DC,DC,Buttler,Mumbai,193,205
678,2021,MI,PBKS,MI,Russell,Delhi,151,126
679,2022,CSK,RR,CSK,Buttler,Mumbai,182,176
680,2019,DC,RCB,RCB,SKY,Kolkata,150,240
681,2021,MI,PBKS,MI,Gill,Kolkata,193,173
682,2025,CSK,MI,MI,Buttler,Mumbai,175,233
683,2022,DC,RCB,DC,Rohit,Delhi,123,117
684,2019,DC,PBKS,PBKS,Bumrah,Kolkata,183,189
685,2020,SRH,DC,SRH,Russell,Delhi,172,169
686,2023,RR,SRH,SRH,SKY,Hyderabad,204,228
687,2019,PBKS,RR,PBKS,Dhoni,Hyderabad,194,120
688,2023,RR,RCB,RR,Buttler,Mumbai,161,104
689,2024,SRH,KKR,SRH,Russell,Mumbai,166,100
690,2020,DC,SRH,DC,Kohli,Delhi,194,164
691,2024,KKR,PBKS,KKR,Bumrah,Mumbai,207,122
692,2021,KKR,RCB,KKR,SKY,Hyderabad,231,148
693,2021,KKR,PBKS,KKR,Kohli,Delhi,139,133
694,2022,RR,RCB,RCB,Rohit,Delhi,184,213
695,2021,SRH,MI,SRH,Dhoni,Chennai,240,168
696,2021,DC,MI,DC,Gill,Chennai,173,133
697,2021,CSK,DC,CSK,Russell,Delhi,216,197
698,2021,DC,SRH,DC,Gill,Mumbai,165,105
699,2019,CSK,SRH,SRH,Gill,Delhi,186,240
700,2024,SRH,CSK,SRH,SKY,Delhi,151,124
701,2023,KKR,CSK,KKR,Kohli,Mumbai,150,104
702,2018,RCB,KKR,RCB,Dhoni,Hyderabad,220,115
703,2022,RCB,PBKS,PBKS,Gill,Hyderabad,219,222
704,2023,MI,DC,MI,Rohit,Chennai,135,107
705,2024,KKR,SRH,SRH,Rohit,Hyderabad,141,208
706,2020,SRH,RR,RR,Kohli,Mumbai,187,237
707,2019,PBKS,SRH,SRH,Gill,Hyderabad,174,229
708,2021,KKR,SRH,SRH,Kohli,Kolkata,167,176
709,2019,PBKS,SRH,SRH,Rohit,Kolkata,151,208
710,2023,CSK,KKR,CSK,Kohli,Mumbai,231,214
711,2021,MI,CSK,CSK,SKY,Mumbai,141,172
712,2019,KKR,PBKS,KKR,Buttler,Kolkata,141,129
713,2025,RR,KKR,RR,SKY,Mumbai,179,158
714,2021,RR,PBKS,PBKS,Kohli,Delhi,147,208
715,2021,KKR,SRH,KKR,SKY,Mumbai,133,105
716,2020,DC,KKR,KKR,Rohit,Kolkata,224,226
717,2023,DC,RR,RR,Russell,Mumbai,185,228
718,2021,DC,PBKS,DC,SKY,Chennai,132,123
719,2022,CSK,DC,CSK,Bumrah,Delhi,204,163
720,2019,SRH,RCB,SRH,Buttler,Delhi,218,214
721,2025,RR,DC,RR,Russell,Chennai,199,131
722,2021,RCB,RR,RCB,Rohit,Mumbai,238,111
723,2021,KKR,PBKS,KKR,Russell,Mumbai,173,125
724,2024,KKR,SRH,KKR,Dhoni,Chennai,211,100
725,2022,PBKS,DC,DC,Bumrah,Delhi,162,236
726,2025,MI,RR,RR,Russell,Hyderabad,167,207
727,2021,MI,SRH,MI,Gill,Hyderabad,184,112
728,2025,DC,PBKS,PBKS,Russell,Mumbai,130,158
729,2020,RR,SRH,RR,Gill,Kolkata,239,108
730,2021,RCB,PBKS,RCB,Rohit,Mumbai,207,110
731,2019,DC,KKR,DC,Russell,Mumbai,202,193
732,2024,CSK,RCB,RCB,Russell,Chennai,121,210
733,2024,DC,CSK,DC,Bumrah,Mumbai,225,102
734,2021,SRH,MI,SRH,Russell,Delhi,128,107
735,2020,RCB,SRH,RCB,Kohli,Delhi,206,158
736,2024,CSK,KKR,CSK,Dhoni,Mumbai,221,194
737,2019,KKR,CSK,KKR,Dhoni,Delhi,193,189
738,2022,DC,RCB,DC,SKY,Kolkata,206,163
739,2018,SRH,CSK,SRH,Russell,Kolkata,135,130
740,2025,PBKS,CSK,PBKS,Buttler,Kolkata,201,174
741,2021,KKR,CSK,KKR,Russell,Hyderabad,211,102
742,2020,RR,SRH,SRH,Rohit,Mumbai,146,147
743,2020,KKR,RCB,KKR,Rohit,Hyderabad,237,134
744,2018,SRH,MI,MI,Kohli,Kolkata,211,236
745,2020,MI,RCB,MI,Dhoni,Kolkata,231,118
746,2021,RCB,CSK,RCB,Buttler,Kolkata,158,141
747,2023,DC,CSK,DC,Rohit,Delhi,187,151
748,2019,MI,SRH,MI,Russell,Kolkata,180,113
749,2022,MI,DC,MI,Rohit,Mumbai,192,106
750,2021,CSK,SRH,SRH,Buttler,Delhi,156,161
751,2022,RR,DC,DC,Rohit,Hyderabad,180,230
752,2023,SRH,PBKS,PBKS,Russell,Hyderabad,209,229
753,2024,KKR,RCB,KKR,Rohit,Kolkata,178,117
754,2022,DC,KKR,DC,Bumrah,Kolkata,172,116
755,2023,RR,CSK,RR,SKY,Kolkata,224,223
756,2025,PBKS,DC,PBKS,Dhoni,Mumbai,223,217
757,2024,MI,RCB,RCB,Rohit,Chennai,205,216
758,2023,MI,PBKS,PBKS,Russell,Hyderabad,123,163
759,2024,SRH,RCB,RCB,Gill,Delhi,159,169
760,2023,DC,RR,DC,Russell,Mumbai,157,125
761,2021,PBKS,SRH,SRH,Dhoni,Chennai,163,197
762,2025,CSK,KKR,CSK,Rohit,Chennai,229,101
763,2021,KKR,RR,KKR,Bumrah,Kolkata,203,142
764,2021,KKR,CSK,KKR,Buttler,Mumbai,155,148
765,2021,RR,PBKS,PBKS,Buttler,Mumbai,150,177
766,2023,KKR,MI,KKR,Russell,Chennai,142,120
767,2021,SRH,RCB,SRH,Kohli,Mumbai,234,178
768,2022,PBKS,KKR,PBKS,Kohli,Delhi,191,143
769,2024,PBKS,MI,MI,Dhoni,Mumbai,136,142
770,2021,DC,RCB,RCB,Bumrah,Delhi,188,231
771,2019,SRH,PBKS,SRH,Russell,Hyderabad,232,195
772,2023,DC,KKR,DC,Bumrah,Mumbai,232,192
773,2021,RCB,RR,RCB,Gill,Chennai,233,136
774,2025,PBKS,RCB,RCB,Gill,Chennai,187,224
775,2019,RR,RCB,RCB,SKY,Hyderabad,150,229
776,2023,PBKS,RCB,RCB,Kohli,Mumbai,153,155
777,2018,KKR,SRH,KKR,Rohit,Chennai,163,149
778,2024,RR,DC,RR,SKY,Hyderabad,150,136
779,2024,MI,DC,MI,Dhoni,Mumbai,237,142
780,2021,PBKS,CSK,PBKS,Gill,Delhi,188,146
781,2021,PBKS,RR,PBKS,Russell,Kolkata,176,162
782,2024,DC,RCB,DC,Rohit,Hyderabad,145,135
783,2022,RCB,DC,RCB,Kohli,Chennai,175,148
784,2024,SRH,CSK,SRH,Russell,Kolkata,188,168
785,2018,RCB,KKR,RCB,Dhoni,Delhi,223,205
786,2022,RCB,DC,DC,Rohit,Mumbai,131,150
787,2024,RR,SRH,RR,SKY,Chennai,204,103
788,2019,PBKS,KKR,PBKS,Bumrah,Mumbai,122,113
789,2022,SRH,DC,DC,Gill,Kolkata,156,226
790,2025,MI,KKR,KKR,SKY,Delhi,129,130
791,2018,CSK,RR,CSK,Rohit,Mumbai,199,112
792,2024,DC,CSK,DC,Russell,Delhi,239,239
793,2025,RR,MI,MI,SKY,Chennai,142,210
794,2019,RCB,DC,RCB,Russell,Hyderabad,131,103
795,2018,CSK,RR,RR,Russell,Delhi,153,233
796,2021,MI,CSK,MI,Bumrah,Chennai,237,206
797,2023,DC,RR,RR,SKY,Mumbai,122,223
798,2022,PBKS,SRH,PBKS,Dhoni,Chennai,121,100
799,2019,RCB,MI,RCB,Kohli,Kolkata,201,166
800,2019,CSK,MI,MI,Kohli,Mumbai,164,238
801,2025,CSK,PBKS,PBKS,Buttler,Delhi,211,214
802,2024,PBKS,SRH,SRH,Kohli,Hyderabad,214,236
803,2021,RR,PBKS,PBKS,Bumrah,Delhi,124,151
804,2018,RR,DC,DC,Russell,Mumbai,141,165
805,2022,SRH,DC,SRH,Gill,Chennai,126,119
806,2025,PBKS,SRH,SRH,Dhoni,Chennai,127,215
807,2018,KKR,DC,KKR,SKY,Mumbai,223,150
808,2024,SRH,MI,MI,Rohit,Delhi,131,163
809,2020,MI,DC,DC,Gill,Hyderabad,120,208
810,2025,RCB,KKR,KKR,Russell,Hyderabad,179,226
811,2019,SRH,RCB,SRH,Gill,Chennai,202,108
812,2025,RR,PBKS,PBKS,Kohli,Delhi,151,178
813,2022,KKR,PBKS,PBKS,Kohli,Hyderabad,124,240
814,2021,KKR,RCB,KKR,Buttler,Chennai,240,226
815,2023,SRH,KKR,SRH,Gill,Chennai,167,149
816,2025,CSK,DC,DC,Gill,Delhi,168,223
817,2022,MI,RR,MI,SKY,Delhi,194,159
818,2023,MI,RR,MI,Russell,Hyderabad,237,121
819,2021,PBKS,RR,RR,Dhoni,Delhi,146,235
820,2022,RR,KKR,RR,SKY,Kolkata,215,194
821,2018,CSK,PBKS,CSK,Kohli,Kolkata,156,105
822,2021,RR,KKR,KKR,Dhoni,Mumbai,149,185
823,2020,KKR,RR,KKR,Russell,Chennai,213,207
824,2018,RR,SRH,RR,Dhoni,Mumbai,163,108
825,2018,RCB,DC,RCB,Kohli,Kolkata,213,123
826,2020,RCB,SRH,SRH,SKY,Mumbai,140,157
827,2024,KKR,MI,KKR,SKY,Kolkata,171,127
828,2025,RR,SRH,SRH,Russell,Kolkata,159,205
829,2024,RCB,KKR,RCB,Kohli,Hyderabad,192,188
830,2021,KKR,MI,KKR,Buttler,Hyderabad,237,108
831,2021,KKR,SRH,SRH,Gill,Chennai,120,195
832,2024,KKR,DC,KKR,Buttler,Hyderabad,136,114
833,2024,MI,CSK,CSK,SKY,Delhi,133,196
834,2025,RR,PBKS,RR,SKY,Hyderabad,210,118
835,2023,CSK,PBKS,CSK,Dhoni,Kolkata,226,160
836,2022,PBKS,RCB,RCB,Gill,Hyderabad,151,201
837,2018,CSK,RCB,CSK,Dhoni,Chennai,207,175
838,2021,PBKS,CSK,CSK,Rohit,Mumbai,190,213
839,2021,SRH,RCB,RCB,Russell,Chennai,125,148
840,2018,RCB,PBKS,PBKS,Russell,Chennai,172,182
841,2022,DC,RCB,DC,SKY,Hyderabad,228,221
842,2021,SRH,KKR,KKR,Bumrah,Delhi,170,195
843,2019,CSK,KKR,KKR,Dhoni,Kolkata,224,227
844,2019,CSK,MI,CSK,Dhoni,Delhi,192,167
845,2020,RR,DC,DC,Bumrah,Mumbai,174,221
846,2018,RR,SRH,RR,Gill,Kolkata,233,116
847,2022,SRH,PBKS,SRH,Dhoni,Chennai,183,103
848,2019,RCB,SRH,RCB,Russell,Chennai,240,140
849,2022,DC,CSK,DC,Gill,Chennai,145,129
850,2018,RCB,SRH,RCB,Russell,Hyderabad,182,166
851,2023,CSK,PBKS,PBKS,Buttler,Hyderabad,154,183
852,2025,RCB,SRH,RCB,Dhoni,Chennai,151,151
853,2021,PBKS,MI,PBKS,Bumrah,Kolkata,185,164
854,2019,RCB,PBKS,RCB,Rohit,Chennai,195,115
855,2025,PBKS,RCB,PBKS,Russell,Delhi,173,164
856,2021,DC,RCB,DC,Russell,Mumbai,234,110
857,2023,CSK,KKR,CSK,Rohit,Delhi,151,142
858,2020,KKR,RCB,KKR,Buttler,Mumbai,218,112
859,2022,CSK,KKR,KKR,Kohli,Mumbai,132,220
860,2025,DC,MI,DC,Buttler,Kolkata,181,111
861,2019,RCB,PBKS,RCB,SKY,Delhi,162,106
862,2025,CSK,RCB,RCB,Bumrah,Mumbai,204,220
863,2021,DC,MI,MI,Kohli,Delhi,186,204
864,2023,SRH,KKR,SRH,Kohli,Kolkata,200,154
865,2022,KKR,DC,KKR,Russell,Kolkata,237,144
866,2025,PBKS,RR,RR,SKY,Kolkata,162,198
867,2018,RR,RCB,RR,Russell,Hyderabad,221,119
868,2022,MI,KKR,KKR,Kohli,Chennai,126,208
869,2019,KKR,PBKS,PBKS,SKY,Chennai,200,214
870,2021,RR,DC,RR,Gill,Chennai,210,195
871,2022,KKR,PBKS,PBKS,Russell,Mumbai,184,216
872,2021,KKR,RCB,RCB,Dhoni,Chennai,145,208
873,2020,CSK,SRH,CSK,SKY,Kolkata,183,166
874,2023,MI,KKR,KKR,Russell,Delhi,130,215
875,2020,RR,MI,RR,SKY,Kolkata,236,130
876,2020,PBKS,MI,MI,Dhoni,Chennai,124,143
877,2025,CSK,KKR,KKR,Dhoni,Hyderabad,172,182
878,2021,RCB,SRH,RCB,Russell,Hyderabad,211,170
879,2023,KKR,CSK,KKR,Rohit,Kolkata,181,111
880,2025,CSK,MI,CSK,Dhoni,Chennai,172,116
881,2021,RCB,DC,DC,Kohli,Kolkata,205,206
882,2022,RR,MI,MI,Bumrah,Delhi,198,220
883,2025,RCB,KKR,RCB,Rohit,Kolkata,144,132
884,2024,RCB,DC,DC,Dhoni,Hyderabad,139,235
885,2022,RCB,RR,RR,Kohli,Chennai,185,213
886,2022,CSK,DC,DC,Russell,Hyderabad,163,207
887,2021,CSK,KKR,CSK,Gill,Hyderabad,177,160
888,2018,RCB,KKR,RCB,SKY,Hyderabad,234,149
889,2020,PBKS,SRH,SRH,Gill,Chennai,184,235
890,2019,RR,SRH,RR,Dhoni,Chennai,168,139
891,2024,RCB,PBKS,PBKS,SKY,Chennai,132,240
892,2020,CSK,DC,CSK,Buttler,Delhi,185,146
893,2021,RR,RCB,RR,Rohit,Kolkata,185,138
894,2025,CSK,RCB,CSK,SKY,Mumbai,210,149
895,2018,SRH,MI,MI,Gill,Mumbai,146,236
896,2025,PBKS,DC,PBKS,Buttler,Chennai,223,195
897,2020,DC,CSK,DC,Rohit,Mumbai,203,133
898,2022,RR,KKR,KKR,Buttler,Mumbai,175,239
899,2021,DC,MI,MI,Buttler,Hyderabad,131,180
900,2021,SRH,CSK,SRH,Bumrah,Mumbai,219,187
901,2020,MI,RR,MI,Dhoni,Kolkata,149,127
902,2023,SRH,DC,SRH,Kohli,Kolkata,234,195
903,2019,PBKS,SRH,PBKS,Rohit,Mumbai,219,104
904,2020,RR,SRH,RR,Russell,Hyderabad,203,203
905,2023,DC,PBKS,PBKS,Kohli,Delhi,176,183
906,2024,CSK,RR,CSK,Russell,Delhi,238,111
907,2018,CSK,PBKS,CSK,Rohit,Chennai,135,117
908,2018,MI,CSK,CSK,SKY,Chennai,197,211
909,2025,PBKS,MI,MI,SKY,Kolkata,181,222
910,2021,DC,MI,MI,Kohli,Hyderabad,128,141
911,2021,SRH,RR,SRH,Rohit,Kolkata,239,201
912,2023,DC,RCB,RCB,Kohli,Delhi,131,218
913,2018,DC,KKR,DC,Russell,Hyderabad,236,147
914,2020,RCB,CSK,CSK,Kohli,Hyderabad,152,153
915,2025,KKR,RCB,KKR,Bumrah,Kolkata,235,169
916,2019,PBKS,SRH,PBKS,Russell,Kolkata,208,181
917,2024,KKR,RCB,KKR,Gill,Mumbai,194,103
918,2023,CSK,KKR,CSK,Gill,Hyderabad,181,110
919,2021,RCB,PBKS,RCB,Bumrah,Kolkata,196,188
920,2021,CSK,RCB,RCB,Gill,Hyderabad,120,227
921,2023,PBKS,DC,DC,Kohli,Kolkata,137,196
922,2020,MI,RR,MI,Russell,Mumbai,164,150
923,2025,PBKS,SRH,PBKS,SKY,Kolkata,221,163
924,2020,MI,SRH,SRH,Dhoni,Hyderabad,136,218
925,2019,KKR,MI,KKR,SKY,Delhi,189,185
926,2020,PBKS,DC,PBKS,Russell,Kolkata,146,139
927,2021,MI,PBKS,MI,Bumrah,Delhi,231,186
928,2021,DC,MI,DC,Gill,Kolkata,203,100
929,2022,PBKS,KKR,PBKS,Rohit,Chennai,233,173
930,2024,KKR,SRH,KKR,Bumrah,Chennai,239,219
931,2020,PBKS,MI,PBKS,Russell,Chennai,126,115
932,2018,SRH,PBKS,SRH,Gill,Kolkata,231,105
933,2024,MI,CSK,MI,Russell,Chennai,163,149
934,2021,RCB,CSK,RCB,Bumrah,Mumbai,203,172
935,2025,PBKS,MI,MI,Gill,Kolkata,126,236
936,2024,RCB,DC,RCB,Bumrah,Hyderabad,180,179
937,2025,RCB,CSK,RCB,Gill,Delhi,175,107
938,2021,RR,RCB,RR,Gill,Delhi,183,116
939,2022,RCB,CSK,RCB,Rohit,Chennai,175,171
940,2025,MI,SRH,MI,Rohit,Delhi,209,167
941,2021,RR,CSK,RR,Dhoni,Hyderabad,203,132
942,2022,KKR,MI,KKR,SKY,Mumbai,237,142
943,2024,MI,SRH,SRH,Russell,Hyderabad,177,222
944,2020,PBKS,DC,PBKS,Gill,Hyderabad,198,120
945,2024,DC,PBKS,DC,Rohit,Delhi,222,109
946,2023,SRH,MI,MI,Buttler,Mumbai,141,176
947,2023,RR,CSK,RR,Gill,Kolkata,155,135
948,2018,CSK,RCB,CSK,SKY,Chennai,123,111
949,2022,KKR,SRH,SRH,Rohit,Chennai,136,191
950,2022,MI,RCB,RCB,Dhoni,Delhi,143,216
951,2019,CSK,PBKS,CSK,SKY,Hyderabad,235,143
952,2025,RCB,MI,RCB,SKY,Mumbai,194,149
953,2023,CSK,SRH,CSK,Buttler,Chennai,230,150
954,2025,CSK,RR,CSK,Dhoni,Kolkata,233,177
955,2025,DC,CSK,DC,Gill,Kolkata,205,173
956,2020,PBKS,DC,PBKS,Bumrah,Hyderabad,230,210
957,2019,RCB,CSK,CSK,Russell,Mumbai,189,211
958,2022,CSK,MI,CSK,Buttler,Kolkata,234,169
959,2024,RR,DC,DC,Kohli,Kolkata,132,189
960,2021,DC,SRH,DC,SKY,Kolkata,239,224
961,2018,DC,MI,DC,Dhoni,Kolkata,164,136
962,2021,RCB,SRH,RCB,SKY,Delhi,140,119
963,2025,RCB,SRH,RCB,Dhoni,Delhi,216,128
964,2024,KKR,DC,KKR,Kohli,Chennai,128,121
965,2018,MI,KKR,MI,Bumrah,Delhi,161,134
966,2024,CSK,SRH,CSK,Buttler,Hyderabad,190,148
967,2020,RCB,MI,RCB,Gill,Hyderabad,178,155
968,2018,RR,PBKS,RR,Buttler,Delhi,187,113
969,2018,CSK,RCB,CSK,Kohli,Mumbai,141,123
970,2021,MI,DC,DC,SKY,Chennai,125,227
971,2024,DC,RCB,RCB,Gill,Kolkata,158,178
972,2024,PBKS,RR,PBKS,Kohli,Kolkata,173,132
973,2019,MI,SRH,MI,Russell,Chennai,216,197
974,2024,RR,PBKS,RR,Bumrah,Hyderabad,200,109
975,2023,SRH,RCB,RCB,Rohit,Mumbai,155,234
976,2023,PBKS,DC,PBKS,Bumrah,Delhi,235,227
977,2023,MI,SRH,SRH,Dhoni,Kolkata,120,225
978,2022,DC,SRH,SRH,Russell,Delhi,132,202
979,2024,SRH,MI,SRH,Rohit,Chennai,187,122
980,2024,MI,RR,RR,Gill,Chennai,163,164
981,2020,MI,KKR,MI,Gill,Delhi,145,109
982,2022,RCB,RR,RCB,Dhoni,Chennai,217,112
983,2019,SRH,DC,SRH,Dhoni,Kolkata,220,115
984,2024,KKR,RCB,RCB,Gill,Mumbai,140,178
985,2019,RR,KKR,RR,SKY,Hyderabad,158,140
986,2018,RCB,DC,RCB,Russell,Delhi,133,105
987,2025,DC,CSK,DC,Buttler,Hyderabad,168,100
988,2021,PBKS,CSK,CSK,Buttler,Mumbai,132,195
989,2019,MI,RCB,MI,Rohit,Delhi,178,152
990,2019,PBKS,RCB,RCB,Kohli,Mumbai,143,164
991,2020,RCB,RR,RR,Gill,Chennai,169,212
992,2022,PBKS,CSK,PBKS,Buttler,Chennai,146,109
993,2018,KKR,RR,RR,Kohli,Hyderabad,162,192
994,2019,PBKS,DC,DC,Bumrah,Kolkata,141,206
995,2020,PBKS,MI,PBKS,Russell,Chennai,223,221
996,2021,KKR,MI,KKR,Kohli,Kolkata,170,123
997,2023,KKR,PBKS,PBKS,Russell,Hyderabad,128,172
998,2022,CSK,DC,DC,Dhoni,Mumbai,170,187
999,2020,MI,SRH,MI,Russell,Chennai,159,126
1000,2019,DC,MI,MI,Buttler,Kolkata,213,237
